-- 51 - 100 discounts
insert into discount (id, name, percentage) values (51, 'standard 5%', 0.05);
insert into discount (id, name, percentage) values (52, 'old collection', 0.15);
insert into discount (id, name, percentage) values (53, 'sale 10%', 0.1);

-- 2000 - 3000 categories
insert into category (id, name) values (2000, 'Fruits');
insert into category (id, name) values (2001, 'Vegetables');
insert into category (id, name) values (2002, 'Техника');
insert into category (id, name) values (2003, 'Бытовая Техника');
insert into category (id, name) values (2004, 'Косметика');
insert into category (id, name) values (2005, 'Мебель');
insert into category (id, name) values (2006, 'Детские игрушки');
insert into category (id, name) values (2007, 'Вещи');


-- 100 - 1000 product_meta
insert into product_meta (id, name, description, category_id) values (100, 'apple', 'very useful popular fruit', 2000);
insert into product_meta (id, name, description, category_id) values (101, 'banana', 'african banana is sweet and tasty', 2000);
insert into product_meta (id, name, description, category_id) values (102, 'grape', 'Usually people make vine from grapes', 2000);
insert into product_meta (id, name, description, category_id) values (103, 'orange', 'Tasty juice are made of this', 2000);

insert into product_meta (id, name, description, category_id) values (104, 'Огурчик', 'на 90% состоит из воды', 2001);
insert into product_meta (id, name, description, category_id) values (105, 'Помидор', 'Очень сочный овощ', 2001);
insert into product_meta (id, name, description, category_id) values (106, 'Чеснок', 'Обладает дезинфицирующими свойствами', 2001);
insert into product_meta (id, name, description, category_id) values (107, 'Лук', 'Лучще добавлять в поджарку', 2001);
insert into product_meta (id, name, description, category_id) values (108, 'Морковь', 'Очень полезный овощ', 2001);
insert into product_meta (id, name, description, category_id) values (109, 'Картошка', 'Очень полезный овощ', 2001);
insert into product_meta (id, name, description, category_id) values (110, 'Куриные Яйца', 'Полезно', 2001);
insert into product_meta (id, name, description, category_id) values (111, 'Телевизор', 'Коробка с картинками', 2002);
insert into product_meta (id, name, description, category_id) values (112, 'Телефон', 'Связь с людьми', 2002);
insert into product_meta (id, name, description, category_id) values (113, 'Микрофон', '', 2002);
insert into product_meta (id, name, description, category_id) values (114, 'Пульт', 'Переключать каналы на телевизоре', 2002);
insert into product_meta (id, name, description, category_id) values (115, 'Наушники', 'Единолично слушать музыку', 2002);
insert into product_meta (id, name, description, category_id) values (116, 'Микроволновка', 'Разогрев еды', 2003);
insert into product_meta (id, name, description, category_id) values (117, 'Чайник', 'Кипятит воду от электричества', 2003);
insert into product_meta (id, name, description, category_id) values (118, 'Газовая плита', 'Приготовление еды', 2003);
insert into product_meta (id, name, description, category_id) values (119, 'Газовая колонка', 'Подогрев воды', 2003);
insert into product_meta (id, name, description, category_id) values (120, 'Кухонный комбайн', 'Помощник в приготовлении еды', 2003);
insert into product_meta (id, name, description, category_id) values (121, 'Тостер', 'Приготовление тостов', 2003);
insert into product_meta (id, name, description, category_id) values (122, 'Холодильник', 'Хранение еды путем охлаждения', 2003);
insert into product_meta (id, name, description, category_id) values (123, 'Соковыжималка', 'Приготовление FRESH-напитков', 2003);
insert into product_meta (id, name, description, category_id) values (124, 'Посудомоечная машина', 'Мытье посуды', 2003);
insert into product_meta (id, name, description, category_id) values (125, 'Стиральная машина', 'Стирка вещей', 2003);
insert into product_meta (id, name, description, category_id) values (126, 'Мультиварка', 'Приготовление еды несколькими способами', 2003);
insert into product_meta (id, name, description, category_id) values (127, 'Пудра', 'Убирает блеск кожи', 2004);
insert into product_meta (id, name, description, category_id) values (128, 'Губная помада', 'Окрашивание губ', 2004);
insert into product_meta (id, name, description, category_id) values (129, 'Тональный крем', 'Выравнивание тона кожи ', 2004);
insert into product_meta (id, name, description, category_id) values (130, 'Маска для лица', 'Лечение кожи', 2004);
insert into product_meta (id, name, description, category_id) values (131, 'Скраб для лица', 'Очищение кожи', 2004);
insert into product_meta (id, name, description, category_id) values (132, 'Скраб для тела', 'Очищение кожи', 2004);
insert into product_meta (id, name, description, category_id) values (133, 'Крем для лица', 'Увлажнение кожи', 2004);
insert into product_meta (id, name, description, category_id) values (134, 'Крем для рук', 'Увлажнение кожи', 2004);
insert into product_meta (id, name, description, category_id) values (135, 'Крем для ног', 'Увлажнение кожи', 2004);
insert into product_meta (id, name, description, category_id) values (136, 'Крем вокруг глаз', 'Увлажнение кожи', 2004);
insert into product_meta (id, name, description, category_id) values (137, 'Крем против загара', 'Защита кожи', 2004);
insert into product_meta (id, name, description, category_id) values (138, 'Детский крем', 'Увлажнение кожи', 2004);
insert into product_meta (id, name, description, category_id) values (139, 'Тушь для бровей', 'Окрашивание', 2004);
insert into product_meta (id, name, description, category_id) values (140, 'Тушь для ресниц', 'Окрашивание', 2004);
insert into product_meta (id, name, description, category_id) values (141, 'Краска для волос', 'Окрашивание волос', 2004);
insert into product_meta (id, name, description, category_id) values (142, 'Гель-лак', 'Окрашивание ногтей', 2004);
insert into product_meta (id, name, description, category_id) values (143, 'Лак', 'Окрашивание ногтей', 2004);
insert into product_meta (id, name, description, category_id) values (144, 'Расчестка', 'Уход за волосами', 2004);
insert into product_meta (id, name, description, category_id) values (145, 'Щипчики', 'Уход за лицом', 2004);
insert into product_meta (id, name, description, category_id) values (146, 'Табуретка', 'Для убодства', 2005);
insert into product_meta (id, name, description, category_id) values (147, 'Диван раскладной', 'Для сна', 2005);
insert into product_meta (id, name, description, category_id) values (148, 'Кровать', 'Для сна', 2005);
insert into product_meta (id, name, description, category_id) values (149, 'Диван', 'Для удобства', 2005);
insert into product_meta (id, name, description, category_id) values (150, 'Стол', 'Для удобства', 2005);
insert into product_meta (id, name, description, category_id) values (151, 'Стул', 'Для удобсва', 2005);
insert into product_meta (id, name, description, category_id) values (152, 'Шкаф', 'Для хранение вещей', 2005);
insert into product_meta (id, name, description, category_id) values (153, 'Стенка', 'Для хранения вещей', 2005);
insert into product_meta (id, name, description, category_id) values (154, 'Полка', 'Для храниния вещей', 2005);
insert into product_meta (id, name, description, category_id) values (155, 'Комод', 'Для хранения вещей', 2005);
insert into product_meta (id, name, description, category_id) values (156, 'Вешалка', 'Для храниния вешей', 2005);
insert into product_meta (id, name, description, category_id) values (157, 'Тумбочка', 'Для хранения вещей', 2005);
insert into product_meta (id, name, description, category_id) values (158, 'Фен', 'Для сушки волос', 2003);
insert into product_meta (id, name, description, category_id) values (159, 'Пирамидка', 'Для развития моторики рук', 2006);
insert into product_meta (id, name, description, category_id) values (160, 'Мягкие кубики', 'Для развития', 2006);
insert into product_meta (id, name, description, category_id) values (161, 'Машина', 'Для развлечения', 2006);
insert into product_meta (id, name, description, category_id) values (162, 'Интерактивный попугай', 'Для развития', 2006);
insert into product_meta (id, name, description, category_id) values (163, 'Микрофон', 'Для развлечения', 2006);
insert into product_meta (id, name, description, category_id) values (164, 'Конструктор', 'Для разввития моторики', 2006);
insert into product_meta (id, name, description, category_id) values (165, 'Микрофон', 'Для развлечения', 2006);
insert into product_meta (id, name, description, category_id) values (166, 'Барабан', 'Для развлечения', 2006);
insert into product_meta (id, name, description, category_id) values (167, 'Мяч', 'Для развлечения', 2006);
insert into product_meta (id, name, description, category_id) values (168, 'Майка мужская', 'Мода', 2007);
insert into product_meta (id, name, description, category_id) values (169, 'Майка женская', 'Мода', 2007);
insert into product_meta (id, name, description, category_id) values (170, 'Майка детская', 'Мода', 2007);
insert into product_meta (id, name, description, category_id) values (171, 'Футболка женская', 'Мода', 2007);
insert into product_meta (id, name, description, category_id) values (172, 'Футболка мужская', 'Мода', 2007);
insert into product_meta (id, name, description, category_id) values (173, 'Футболка детская', 'Мода', 2007);
insert into product_meta (id, name, description, category_id) values (174, 'Кофта женская', 'Мода', 2007);
insert into product_meta (id, name, description, category_id) values (175, 'Кофта мужская', 'Мода', 2007);
insert into product_meta (id, name, description, category_id) values (176, 'Кофта детская', 'Мода', 2007);
insert into product_meta (id, name, description, category_id) values (177, 'Юбка женская', 'Мода', 2007);
insert into product_meta (id, name, description, category_id) values (178, 'Юбка детская', 'Мода', 2007);
insert into product_meta (id, name, description, category_id) values (179, 'Брюки мужские', 'Мода', 2007);
insert into product_meta (id, name, description, category_id) values (180, 'Брюки женские', 'Мода', 2007);
insert into product_meta (id, name, description, category_id) values (181, 'Брюки детские', 'Мода', 2007);
insert into product_meta (id, name, description, category_id) values (182, 'Платье женское', 'Мода', 2007);
insert into product_meta (id, name, description, category_id) values (183, 'Платье детское', 'Мода', 2007);
insert into product_meta (id, name, description, category_id) values (184, 'Куртка женская', 'Мода', 2007);
insert into product_meta (id, name, description, category_id) values (185, 'Куртка детская', 'Мода', 2007);
insert into product_meta (id, name, description, category_id) values (186, 'Куртка мужская', 'Мода', 2007);
insert into product_meta (id, name, description, category_id) values (187, 'Шапка мужская', 'Мода', 2007);
insert into product_meta (id, name, description, category_id) values (188, 'Шапка женская', 'Мода', 2007);
insert into product_meta (id, name, description, category_id) values (189, 'Шапка детская', 'Мода', 2007);
insert into product_meta (id, name, description, category_id) values (190, 'Рубашка мужская', 'Мода', 2007);
insert into product_meta (id, name, description, category_id) values (191, 'Рубашка детская', 'Мода', 2007);
insert into product_meta (id, name, description, category_id) values (192, 'Рубашка женская', 'Мода', 2007);
insert into product_meta (id, name, description, category_id) values (193, 'Носки женские', 'Мода', 2007);
insert into product_meta (id, name, description, category_id) values (194, 'Носки мужские', 'Мода', 2007);
insert into product_meta (id, name, description, category_id) values (195, 'Носки детские', 'Мода', 2007);
insert into product_meta (id, name, description, category_id) values (196, 'Сапоги мужские', 'Мода', 2007);
insert into product_meta (id, name, description, category_id) values (197, 'Сапоги женские', 'Мода', 2007);
insert into product_meta (id, name, description, category_id) values (198, 'Сапоги детские', 'Мода', 2007);
insert into product_meta (id, name, description, category_id) values (199, 'Перчатки детские', 'Мода', 2007);
insert into product_meta (id, name, description, category_id) values (200, 'Перчатки женские', 'Мода', 2007);

-- 10000 - 20000 product_store
insert into product_store (id, price, product_meta_id, store_status) values (10000, 10.74, 100, 0);
insert into product_store (id, price, product_meta_id, store_status) values (10001, 75.45, 101, 0);
insert into product_store (id, price, product_meta_id, store_status) values (10002, 88.90, 102, 0);
insert into product_store (id, price, product_meta_id, store_status) values (10003, 11.13, 103, 0);
insert into product_store (id, price, product_meta_id, store_status) values (10004, 10.22, 104, 0);
insert into product_store (id, price, product_meta_id, store_status) values (10005, 26.33, 105, 0);
insert into product_store (id, price, product_meta_id, store_status) values (10006, 10.00, 106, 0);
insert into product_store (id, price, product_meta_id, store_status) values (10007, 9.00, 107, 0);
insert into product_store (id, price, product_meta_id, store_status) values (10008, 16.00, 108, 0);
insert into product_store (id, price, product_meta_id, store_status) values (10009, 20.00, 109, 0);
insert into product_store (id, price, product_meta_id, store_status) values (10010, 11.13, 110, 0);
insert into product_store (id, price, product_meta_id, store_status) values (10011, 22.20, 110, 0);
insert into product_store (id, price, product_meta_id, store_status) values (10012, 9000, 112, 0);
insert into product_store (id, price, product_meta_id, store_status) values (10013, 12000.12, 113, 0);
insert into product_store (id, price, product_meta_id, store_status) values (10014, 5000.12, 114, 0);
insert into product_store (id, price, product_meta_id, store_status) values (10015, 2200.12, 115, 0);
insert into product_store (id, price, product_meta_id, store_status) values (10016, 6500.12, 116, 0);
insert into product_store (id, price, product_meta_id, store_status) values (10017, 7899.12, 117, 0);
insert into product_store (id, price, product_meta_id, store_status) values (10018, 3567.12, 118, 0);
insert into product_store (id, price, product_meta_id, store_status) values (10019, 9560.12, 119, 0);
insert into product_store (id, price, product_meta_id, store_status) values (10020, 10870.6, 120, 0);
insert into product_store (id, price, product_meta_id, store_status) values (10021, 9001.12, 121, 0);
insert into product_store (id, price, product_meta_id, store_status) values (10022, 3000.12, 122, 0);
insert into product_store (id, price, product_meta_id, store_status) values (10023, 12000.12, 123, 0);
insert into product_store (id, price, product_meta_id, store_status) values (10024, 8890.12, 124, 0);
insert into product_store (id, price, product_meta_id, store_status) values (10025, 7890.12, 125, 0);
insert into product_store (id, price, product_meta_id, store_status) values (10026, 12000.12, 126, 0);
insert into product_store (id, price, product_meta_id, store_status) values (10027, 3550.12, 127, 0);
insert into product_store (id, price, product_meta_id, store_status) values (10028, 1050.12, 128, 0);
insert into product_store (id, price, product_meta_id, store_status) values (10029, 1200.12, 129, 0);
insert into product_store (id, price, product_meta_id, store_status) values (10030, 1040.12, 130, 0);
insert into product_store (id, price, product_meta_id, store_status) values (10031, 250.12, 131, 0);
insert into product_store (id, price, product_meta_id, store_status) values (10032, 370.12, 132, 0);
insert into product_store (id, price, product_meta_id, store_status) values (10033, 400.12, 133, 0);
insert into product_store (id, price, product_meta_id, store_status) values (10034, 120.12, 134, 0);
insert into product_store (id, price, product_meta_id, store_status) values (10035, 150.12, 135, 0);
insert into product_store (id, price, product_meta_id, store_status) values (10036, 480.12, 136, 0);
insert into product_store (id, price, product_meta_id, store_status) values (10037, 800.12, 137, 0);
insert into product_store (id, price, product_meta_id, store_status) values (10038, 200.12, 138, 0);
insert into product_store (id, price, product_meta_id, store_status) values (10039, 1520.12, 139, 0);
insert into product_store (id, price, product_meta_id, store_status) values (10040, 2900.12, 140, 0);
insert into product_store (id, price, product_meta_id, store_status) values (10041, 320.12, 141, 0);
insert into product_store (id, price, product_meta_id, store_status) values (10042, 560.12, 142, 0);
insert into product_store (id, price, product_meta_id, store_status) values (10043, 150.12, 143, 0);
insert into product_store (id, price, product_meta_id, store_status) values (10044, 492.12, 144, 0);
insert into product_store (id, price, product_meta_id, store_status) values (10045, 57.80, 145, 0);
insert into product_store (id, price, product_meta_id, store_status) values (10046, 1556.12, 146, 0);
insert into product_store (id, price, product_meta_id, store_status) values (10047, 35700.12, 147, 0);
insert into product_store (id, price, product_meta_id, store_status) values (10048, 6000.12, 148, 0);
insert into product_store (id, price, product_meta_id, store_status) values (10049, 9999.12, 149, 0);
insert into product_store (id, price, product_meta_id, store_status) values (10050, 5780.12, 150, 0);
insert into product_store (id, price, product_meta_id, store_status) values (10051, 2060.12, 151, 0);
insert into product_store (id, price, product_meta_id, store_status) values (10052, 7800.12, 152, 0);
insert into product_store (id, price, product_meta_id, store_status) values (10053, 8500.12, 153, 0);
insert into product_store (id, price, product_meta_id, store_status) values (10054, 999.99, 154, 0);
insert into product_store (id, price, product_meta_id, store_status) values (10055, 4050.12, 155, 0);
insert into product_store (id, price, product_meta_id, store_status) values (10056, 100.12, 156, 0);
insert into product_store (id, price, product_meta_id, store_status) values (10057, 1560.12, 157, 0);
insert into product_store (id, price, product_meta_id, store_status) values (10058, 4600.12, 158, 0);
insert into product_store (id, price, product_meta_id, store_status) values (10059, 245.12, 159, 0);
insert into product_store (id, price, product_meta_id, store_status) values (10060, 300.12, 160, 0);
insert into product_store (id, price, product_meta_id, store_status) values (10061, 1560.12, 161, 0);
insert into product_store (id, price, product_meta_id, store_status) values (10062, 2390.12, 162, 0);
insert into product_store (id, price, product_meta_id, store_status) values (10063, 1209.12, 163, 0);
insert into product_store (id, price, product_meta_id, store_status) values (10064, 2300.12, 164, 0);
insert into product_store (id, price, product_meta_id, store_status) values (10065, 2320.12, 165, 0);
insert into product_store (id, price, product_meta_id, store_status) values (10066, 359.12, 166, 0);
insert into product_store (id, price, product_meta_id, store_status) values (10067, 700.12, 167, 0);
insert into product_store (id, price, product_meta_id, store_status) values (10068, 369.90, 168, 0);
insert into product_store (id, price, product_meta_id, store_status) values (10069, 378.50, 169, 0);
insert into product_store (id, price, product_meta_id, store_status) values (10070, 200.12, 170, 0);
insert into product_store (id, price, product_meta_id, store_status) values (10071, 1500.12, 171, 0);
insert into product_store (id, price, product_meta_id, store_status) values (10072, 1499.12, 172, 0);
insert into product_store (id, price, product_meta_id, store_status) values (10073, 456.12, 173, 0);
insert into product_store (id, price, product_meta_id, store_status) values (10074, 2780.12, 174, 0);
insert into product_store (id, price, product_meta_id, store_status) values (10075, 2999.12, 175, 0);
insert into product_store (id, price, product_meta_id, store_status) values (10076, 999.12, 176, 0);
insert into product_store (id, price, product_meta_id, store_status) values (10077, 4000.12, 177, 0);
insert into product_store (id, price, product_meta_id, store_status) values (10078, 2700.12, 178, 0);
insert into product_store (id, price, product_meta_id, store_status) values (10079, 7000.12, 179, 0);
insert into product_store (id, price, product_meta_id, store_status) values (10080, 8600.12, 180, 0);
insert into product_store (id, price, product_meta_id, store_status) values (10081, 3400.12, 181, 0);
insert into product_store (id, price, product_meta_id, store_status) values (10082, 4500.12, 182, 0);
insert into product_store (id, price, product_meta_id, store_status) values (10083, 2340.12, 183, 0);
insert into product_store (id, price, product_meta_id, store_status) values (10084, 10560.12, 184, 0);
insert into product_store (id, price, product_meta_id, store_status) values (10085, 15260.12, 185, 0);
insert into product_store (id, price, product_meta_id, store_status) values (10086, 14300.12, 186, 0);
insert into product_store (id, price, product_meta_id, store_status) values (10087, 800.12, 187, 0);
insert into product_store (id, price, product_meta_id, store_status) values (10088, 1500.12, 188, 0);
insert into product_store (id, price, product_meta_id, store_status) values (10089, 1000.12, 189, 0);
insert into product_store (id, price, product_meta_id, store_status) values (10090, 3000.12, 190, 0);
insert into product_store (id, price, product_meta_id, store_status) values (10091, 1550.12, 191, 0);
insert into product_store (id, price, product_meta_id, store_status) values (10092, 1560.12, 192, 0);
insert into product_store (id, price, product_meta_id, store_status) values (10093, 200.12, 193, 0);
insert into product_store (id, price, product_meta_id, store_status) values (10094, 200.12, 194, 0);
insert into product_store (id, price, product_meta_id, store_status) values (10095, 150.12, 195, 0);
insert into product_store (id, price, product_meta_id, store_status) values (10096, 19700.12, 196, 0);
insert into product_store (id, price, product_meta_id, store_status) values (10097, 25600.12, 197, 0);
insert into product_store (id, price, product_meta_id, store_status) values (10098, 10000.12, 198, 0);
insert into product_store (id, price, product_meta_id, store_status) values (10099, 1200.12, 199, 0);
insert into product_store (id, price, product_meta_id, store_status) values (10100, 2400.12, 200, 0);


-- 200 - 250 Users
insert into users (id, email, first_name, last_name, social_network) values (200, 'luckykeks@gmail.com', 'Gus', 'Petrovi4', 'https://vk.com/levasfx');
